{"IcoMoonType":"selection","icons":[{"icon":{"paths":["M585.143 402.286c0 9.714-4 18.857-10.857 25.714l-256 256c-6.857 6.857-16 10.857-25.714 10.857s-18.857-4-25.714-10.857l-256-256c-6.857-6.857-10.857-16-10.857-25.714 0-20 16.571-36.571 36.571-36.571h512c20 0 36.571 16.571 36.571 36.571z"],"width":585.1428571428571,"attrs":[],"isMulticolor":false,"isMulticolor2":false,"tags":["caret-down"],"defaultCode":61655,"grid":14},"attrs":[],"properties":{"name":"caret-down","id":191,"order":64,"prevSize":28,"code":61655},"setIdx":2,"setId":15,"iconIdx":191},{"icon":{"paths":["M585.143 694.857c0 20-16.571 36.571-36.571 36.571h-512c-20 0-36.571-16.571-36.571-36.571 0-9.714 4-18.857 10.857-25.714l256-256c6.857-6.857 16-10.857 25.714-10.857s18.857 4 25.714 10.857l256 256c6.857 6.857 10.857 16 10.857 25.714z"],"width":585.1428571428571,"attrs":[],"isMulticolor":false,"isMulticolor2":false,"tags":["caret-up"],"defaultCode":61656,"grid":14},"attrs":[],"properties":{"name":"caret-up","id":192,"order":63,"prevSize":28,"code":61656},"setIdx":2,"setId":15,"iconIdx":192},{"icon":{"paths":["M365.714 73.143c-40.571 0-73.143 32.571-73.143 73.143v512l-86.286-115.429c-14.286-18.857-37.143-30.857-61.143-30.857-40 0-72 33.714-72 73.143 0 16 5.143 31.429 14.857 44l219.429 292.571c13.714 18.286 35.429 29.143 58.286 29.143h410.286c16.571 0 31.429-11.429 35.429-27.429l52.571-210.286c9.143-36.571 13.714-73.714 13.714-110.857v-124c0-30.286-23.429-57.714-54.857-57.714-30.286 0-54.857 24.571-54.857 54.857h-18.286v-34.857c0-36-27.429-65.714-64-65.714-35.429 0-64 28.571-64 64v36.571h-18.286v-51.429c0-41.143-31.429-76.571-73.143-76.571-40.571 0-73.143 32.571-73.143 73.143v54.857h-18.286v-325.714c0-41.143-31.429-76.571-73.143-76.571zM365.714 0c81.714 0 146.286 68.571 146.286 149.714v125.714c6.286-0.571 12-1.143 18.286-1.143 37.143 0 72 14.286 98.857 39.429 17.714-8 37.143-12 56.571-12 41.143 0 79.429 18.286 105.143 49.714 10.857-2.857 21.143-4 32-4 72 0 128 60 128 130.857v124c0 42.857-5.143 86.286-16 128.571l-52.571 210.286c-12 48.571-56 82.857-106.286 82.857h-410.286c-45.714 0-89.714-22.286-117.143-58.286l-219.429-292.571c-18.857-25.143-29.143-56.571-29.143-88 0-80 65.143-146.286 145.143-146.286 26.286 0 52 6.857 74.286 20v-312.571c0-80.571 65.714-146.286 146.286-146.286zM438.857 804.571v-219.429h-18.286v219.429h18.286zM585.143 804.571v-219.429h-18.286v219.429h18.286zM731.429 804.571v-219.429h-18.286v219.429h18.286z"],"width":950.8571428571428,"attrs":[],"isMulticolor":false,"isMulticolor2":false,"tags":["hand-pointer-o"],"defaultCode":62042,"grid":14},"attrs":[],"properties":{"name":"hand-pointer-o","id":549,"order":70,"prevSize":28,"code":62042},"setIdx":2,"setId":15,"iconIdx":549},{"icon":{"paths":["M563.2 460.8h204.8v102.4h-204.8v204.8h-102.4v-204.8h-204.8v-102.4h204.8v-204.8h102.4v204.8zM512 1024c-282.77 0-512-229.23-512-512s229.23-512 512-512v0c282.77 0 512 229.23 512 512s-229.23 512-512 512v0zM512 921.6c226.216 0 409.6-183.384 409.6-409.6s-183.384-409.6-409.6-409.6v0c-226.216 0-409.6 183.384-409.6 409.6s183.384 409.6 409.6 409.6v0z"],"attrs":[],"isMulticolor":false,"isMulticolor2":false,"tags":["add-outline"],"grid":20},"attrs":[],"properties":{"id":1,"order":53,"prevSize":20,"code":59648,"name":"add-outline"},"setIdx":5,"setId":12,"iconIdx":0},{"icon":{"paths":["M828.006 460.8l-310.835-310.835 72.397-72.397 434.432 434.432-434.432 434.432-72.397-72.397 310.835-310.835h-828.006v-102.4z"],"attrs":[],"isMulticolor":false,"isMulticolor2":false,"tags":["arrow-right"],"grid":20},"attrs":[],"properties":{"id":19,"order":58,"prevSize":20,"code":59649,"name":"arrow-right"},"setIdx":5,"setId":12,"iconIdx":18},{"icon":{"paths":["M475.802 663.040l36.198 36.198 289.638-289.638-72.397-72.397-217.242 217.19-217.242-217.19-72.397 72.397z"],"attrs":[],"isMulticolor":false,"isMulticolor2":false,"tags":["cheveron-down"],"grid":20},"attrs":[],"properties":{"id":76,"order":59,"prevSize":20,"code":59650,"name":"cheveron-down"},"setIdx":5,"setId":12,"iconIdx":75},{"icon":{"paths":["M548.198 360.96l-36.198-36.198-289.638 289.638 72.397 72.397 217.242-217.19 217.242 217.19 72.397-72.397z"],"attrs":[],"isMulticolor":false,"isMulticolor2":false,"tags":["cheveron-up"],"grid":20},"attrs":[],"properties":{"id":83,"order":60,"prevSize":20,"code":59651,"name":"cheveron-up"},"setIdx":5,"setId":12,"iconIdx":82},{"icon":{"paths":["M0 153.6h1024v102.4h-1024v-102.4zM0 460.8h1024v102.4h-1024v-102.4zM0 768h1024v102.4h-1024v-102.4z"],"attrs":[],"isMulticolor":false,"isMulticolor2":false,"tags":["menu"],"grid":20},"attrs":[],"properties":{"id":176,"order":61,"prevSize":20,"code":59652,"name":"menu"},"setIdx":5,"setId":12,"iconIdx":175},{"icon":{"paths":["M398.878 170.667c124.75 0 226.251 102.084 226.251 227.556 0 47.25-14.5 92.736-41.945 131.527l-22.277 31.46-31.278 22.375c-38.555 27.611-83.778 42.194-130.75 42.194-124.779 0-226.251-102.084-226.251-227.556s101.474-227.556 226.251-227.556zM398.878 56.889c-187.444 0-339.388 152.82-339.388 341.333s151.945 341.333 339.388 341.333c73.25 0 140.889-23.57 196.334-63.264l272.555 274.124c11.083 11.14 25.584 16.695 40.084 16.695s28.999-5.556 40.055-16.695c22.139-22.254 22.139-58.332 0-80.583l-272.555-274.124c39.472-55.778 62.889-123.819 62.889-197.486 0-188.514-151.945-341.333-339.362-341.333v0z"],"attrs":[{}],"isMulticolor":false,"isMulticolor2":false,"tags":["search"],"grid":18},"attrs":[{}],"properties":{"id":8,"order":62,"prevSize":18,"code":59653,"name":"search"},"setIdx":8,"setId":9,"iconIdx":7},{"icon":{"paths":["M938.667 682.667c-46.933 0-85.333-38.4-85.333-85.333v-213.333c0-188.267-153.067-341.333-341.333-341.333s-341.333 153.067-341.333 341.333v213.333c0 46.933-38.4 85.333-85.333 85.333-23.467 0-42.667 19.2-42.667 42.667s19.2 42.667 42.667 42.667h853.333c23.467 0 42.667-19.2 42.667-42.667s-19.2-42.667-42.667-42.667zM233.067 682.667c14.667-25.067 22.933-54.4 22.933-85.333v-213.333c0-141.067 114.933-256 256-256s256 114.933 256 256v213.333c0 30.933 8.267 60.267 22.933 85.333h-557.867z","M607.467 859.2c-20.267-12-46.4-5.067-58.4 15.2-8 13.333-21.867 21.6-37.067 21.6s-29.067-8-36.8-21.067c-12-20.267-38.133-27.2-58.4-15.2s-27.2 38.133-15.2 58.4c22.933 38.933 65.333 63.2 110.4 63.2s87.467-24.267 110.667-63.467c12-20.533 5.067-46.667-15.2-58.667z"],"attrs":[],"isMulticolor":false,"isMulticolor2":false,"tags":["bell"],"grid":24},"attrs":[],"properties":{"id":22,"order":68,"prevSize":24,"code":59654,"name":"bell"},"setIdx":14,"setId":3,